omega,spectrum
-5.0,0.0014382967970975556
-4.9875,0.0014562662173952556
-4.975,0.0014741334042107908
-4.9625,0.001494112059978752
-4.95,0.0015154594539291332
-4.9375,0.0015369031869135507
-4.925,0.0015591223577806318
-4.9125,0.0015810127643933964
-4.9,0.0016024930440715426
-4.8875,0.0016266745196213172
-4.875,0.0016538863936423234
-4.8625,0.0016822055760326567
-4.85,0.0017116914803269568
-4.8375,0.00174156948232814
-4.825,0.0017723608924561495
-4.8125,0.00180873014874383
-4.8,0.001852448081423699
-4.7875,0.0019012815467877994
-4.775,0.001957136547601471
-4.7625,0.00202500662212132
-4.75,0.002106512314970296
-4.7375,0.0022072240522884646
-4.725,0.0023403500428701863
-4.7125,0.0025145337575268175
-4.7,0.002724958948270173
-4.6875,0.0029312797574049454
-4.675,0.00303691776220609
-4.6625,0.002995199785698375
-4.65,0.0028937825452754287
-4.6375,0.002824426412196845
-4.625,0.0028099053011656438
-4.6125,0.002851866717501484
-4.6,0.0029644183921827896
-4.5875,0.003155341161139217
-4.575,0.003389455016408432
-4.5625,0.0035629848541699405
-4.55,0.003580280478184248
-4.5375,0.0034863082228292304
-4.525,0.0034035547704109933
-4.5125,0.0033996902227266656
-4.5,0.0034938014530094793
-4.4875,0.0036838564993158696
-4.475,0.003909615932676382
-4.4625,0.004030843449806903
-4.45,0.00397293369763953
-4.4375,0.003845269128136352
-4.425,0.003774984241171026
-4.4125,0.0037974668433660365
-4.4,0.0039033071342265925
-4.3875,0.004089905477411947
-4.375,0.004322604763346296
-4.3625,0.004473552097010596
-4.35,0.004428235822253606
-4.3375,0.004258411877123131
-4.325,0.004115675183759971
-4.3125,0.004075418240399678
-4.3,0.004149332468943366
-4.2875,0.004332384250147563
-4.275,0.0046179905949921465
-4.2625,0.004955234636829002
-4.25,0.0051883382073154355
-4.2375,0.0051866986035613676
-4.225,0.005050483402794301
-4.2125,0.0049517235794404495
-4.2,0.0049519477705274
-4.1875,0.005057937999650502
-4.175,0.00529110236818213
-4.1625,0.005644108847460145
-4.15,0.005996844413330515
-4.1375,0.006140693360014891
-4.125,0.0060268202714543265
-4.1125,0.005845777505079485
-4.1,0.0057735017519370884
-4.0875,0.005867845171370496
-4.075,0.006136519612589374
-4.0625,0.006578061609128918
-4.05,0.007121220343558595
-4.0375,0.0075413564527271335
-4.025,0.0076465890954902985
-4.0125,0.007591667918292731
-4.0,0.007666832623529279
-3.9875,0.008001166792543628
-3.975,0.008525159752695159
-3.9625,0.008989916368645698
-3.95,0.009223111551415596
-3.9375,0.00940710024664448
-3.925,0.009752491523572276
-3.9125,0.010137467638655138
-3.9,0.010280783888175877
-3.8875,0.010244175114982339
-3.875,0.010353990379750528
-3.8625,0.010722968569028487
-3.85,0.011103364292441678
-3.8375,0.011180612979316119
-3.825,0.011072486413695338
-3.8125,0.011125865426238455
-3.8,0.011431481109343755
-3.7875,0.011788341402910234
-3.775,0.012048038243241098
-3.7625,0.012295082804262268
-3.75,0.012497446304660077
-3.7375,0.012520128800477957
-3.725,0.012524853237078271
-3.7125,0.012818767155933334
-3.7,0.013484510654487171
-3.6875,0.014246872690151544
-3.675,0.014602044674160576
-3.6625,0.014443515017534445
-3.65,0.014238949658036331
-3.6375,0.014413675523164736
-3.625,0.01511511957345369
-3.6125,0.01626736760990224
-3.6,0.017469686335715166
-3.5875,0.01809051694606511
-3.575,0.018022121785450897
-3.5625,0.017872758062785387
-3.55,0.01818998952639252
-3.5375,0.01915462079270528
-3.525,0.020688124836846386
-3.5125,0.022494819598491284
-3.5,0.02405985018143702
-3.4875,0.024947592374786446
-3.475,0.02549360606382841
-3.4625,0.02649502755697584
-3.45,0.02832591151939117
-3.4375,0.030595974488764777
-3.425,0.03256975302064856
-3.4125,0.03425870313919352
-3.4,0.03626645485852378
-3.3875,0.038573882061771245
-3.375,0.040512506647671746
-3.3625,0.0422217374729876
-3.35,0.044512702783262595
-3.3375,0.04735640266868127
-3.325,0.049759911810921334
-3.3125,0.051191636682505724
-3.3,0.05278115059205157
-3.2875,0.055494316678077436
-3.275,0.05875085592285085
-3.2625,0.061152588829044965
-3.25,0.06255763276291874
-3.2375,0.06465484753173929
-3.225,0.06835059951887298
-3.2125,0.07272769695141465
-3.2,0.07615199447814217
-3.1875,0.07875033362509536
-3.175,0.08265676104710765
-3.1625,0.08883506347224739
-3.15,0.09608145667656083
-3.1375,0.10237801948445602
-3.125,0.10806890440448103
-3.1125,0.11600571671800891
-3.1,0.12717231652717845
-3.0875,0.1394265626802494
-3.075,0.15001132438852113
-3.0625,0.16039433626600808
-3.05,0.17485557155373024
-3.0375,0.19353754239195378
-3.025,0.21195886761404292
-3.0125,0.2271700916468025
-3.0,0.2440359732064436
-2.9875,0.2678741536755179
-2.975,0.2950891175074011
-2.9625,0.3178136475776409
-2.95,0.33654489689443556
-2.9375,0.3615695475628975
-2.925,0.39526535691789605
-2.9125,0.4272185759215953
-2.9,0.45058309733620644
-2.8875,0.4757603562145733
-2.875,0.5145365583574673
-2.8625,0.5588551855572026
-2.85,0.592997717278752
-2.8375,0.6201585893290963
-2.825,0.6595000791011629
-2.8125,0.7109690793400948
-2.8,0.7526745759636196
-2.7875,0.7790732256269535
-2.775,0.8133637605918227
-2.7625,0.8677669628507774
-2.75,0.9185878757979553
-2.7375,0.9472801660033948
-2.725,0.9734795799869733
-2.7125,1.0167394132263705
-2.7,1.0509156658524395
-2.6875,1.0467593581750312
-2.675,1.0233188528930564
-2.6625,1.0050944961980521
-2.65,0.9720910436257456
-2.6375,0.9031783611889901
-2.625,0.8233239108608326
-2.6125,0.757403246799381
-2.6,0.6969948364757509
-2.5875,0.627087914878369
-2.575,0.5591731010154618
-2.5625,0.5071279971718181
-2.55,0.46668561303450035
-2.5375,0.425253081582302
-2.525,0.3836037327353526
-2.5125,0.3508408636418405
-2.5,0.32732867752664
-2.4875,0.30520128791674495
-2.475,0.2807827652794198
-2.4625,0.2597472587396274
-2.45,0.24527787181072533
-2.4375,0.23356152403022165
-2.425,0.2197473337093723
-2.4125,0.20600848727168256
-2.4,0.19636146057048048
-2.3875,0.1897278519253431
-2.375,0.18192015044757426
-2.3625,0.17278568814205716
-2.35,0.16604046457866292
-2.3375,0.1621520962743567
-2.325,0.1576374780843535
-2.3125,0.1506130638497577
-2.3,0.14391323645305068
-2.2875,0.1391536098114869
-2.275,0.1340933549558445
-2.2625,0.12681483148230877
-2.25,0.11956612136731633
-2.2375,0.11442465765465097
-2.225,0.11027908023112944
-2.2125,0.10523296191270615
-2.2,0.10027322597019535
-2.1875,0.09710654141536454
-2.175,0.0950538404725836
-2.1625,0.09219673386471841
-2.15,0.08868936033252617
-2.1375,0.08613793209612117
-2.125,0.08440126691543395
-2.1125,0.08198210163873616
-2.1,0.07894089693539329
-2.0875,0.07676641016517162
-2.075,0.07555317038568707
-2.0625,0.07400805182703163
-2.05,0.0718423416378569
-2.0375,0.07021160416683239
-2.025,0.0692982028626548
-2.0125,0.06796764496571121
-2.0,0.06583682768469952
-1.9875,0.06390445402312558
-1.975,0.06235941220560766
-1.9625,0.06026005241831593
-1.95,0.057494182073375394
-1.9375,0.05504823802980924
-1.925,0.05307140097674654
-1.9125,0.050855286287146986
-1.9,0.04843487425936028
-1.8875,0.04656385181851151
-1.875,0.04523829150577744
-1.8625,0.043812227895599014
-1.85,0.0422723550720914
-1.8375,0.04117655284615392
-1.825,0.040465459692447824
-1.8125,0.03960627986763186
-1.8,0.03866646510235853
-1.7875,0.038101429938606
-1.775,0.03774712700738474
-1.7625,0.03711288275719811
-1.75,0.03636083210354072
-1.7375,0.035881909688427284
-1.725,0.03544231265953144
-1.7125,0.03467813012609516
-1.7,0.033882820398530654
-1.6875,0.03332440911128981
-1.675,0.03271684707773486
-1.6625,0.03192937135369021
-1.65,0.031329521901471036
-1.6375,0.03096728709474668
-1.625,0.03048196325776571
-1.6125,0.029880405811325023
-1.6,0.02948260196181143
-1.5875,0.029208559163634407
-1.575,0.028823710616775664
-1.5625,0.028530079318997727
-1.55,0.028496451754472196
-1.5375,0.02847538900368355
-1.525,0.028360790817256527
-1.5125,0.02840849771481159
-1.5,0.02857568348569444
-1.4875,0.02854777460432099
-1.475,0.02839955762021707
-1.4625,0.028317915130181396
-1.45,0.028082379605736733
-1.4375,0.027583744790491686
-1.425,0.02707766489164928
-1.4125,0.026527428640766203
-1.4,0.025721376269983064
-1.3875,0.024846904133639523
-1.375,0.024063742906176886
-1.3625,0.023211788365649282
-1.35,0.022329216612755394
-1.3375,0.021614047903325686
-1.325,0.021007142816093838
-1.3125,0.020458359933628465
-1.3,0.020118759427019923
-1.2875,0.019980567257617026
-1.275,0.019915209884650228
-1.2625,0.019979549726819524
-1.25,0.02019764053467281
-1.2375,0.02042125458773615
-1.225,0.02064940954248476
-1.2125,0.02095757046637953
-1.2,0.021234319046695812
-1.1875,0.02145473167969414
-1.175,0.021717421252695473
-1.1625,0.02192100775893479
-1.15,0.021994403541852624
-1.1375,0.02203237546492673
-1.125,0.021969488939828166
-1.1125,0.02177139463500466
-1.1,0.021568557486849074
-1.0875,0.021318767363678135
-1.075,0.020982693902603038
-1.0625,0.020664910838597207
-1.05,0.02032596628531932
-1.0375,0.019949161242554168
-1.025,0.019616892505037967
-1.0125,0.01927296089443037
-1.0,0.01891729593083777
-0.9875,0.01862337021457723
-0.975,0.018334426771171735
-0.9625,0.018053827508395067
-0.95,0.017813290735024374
-0.9375,0.017546261492886336
-0.925,0.017270121232003863
-0.9125,0.016997841280840566
-0.9,0.016697238892036535
-0.8875,0.016400570963086926
-0.875,0.016088351387283407
-0.8625,0.01577372677407448
-0.85,0.015517249130059479
-0.8375,0.015305273439573256
-0.825,0.015155967311467695
-0.8125,0.015073166991610785
-0.8,0.015022701153856868
-0.7875,0.015014661430808662
-0.775,0.015020454174226112
-0.7625,0.015031312495451055
-0.75,0.01506415832451155
-0.7375,0.01510703805491435
-0.725,0.015187348572328034
-0.7125,0.015309376625541724
-0.7,0.015479813523267202
-0.6875,0.015695585398499818
-0.675,0.015916977005771174
-0.6625,0.016140354750548352
-0.65,0.01634213536729865
-0.6375,0.016518041957734573
-0.625,0.01665812137040224
-0.6125,0.01675526499777009
-0.6,0.016820868794095927
-0.5875,0.016865273012551907
-0.575,0.01690800032753652
-0.5625,0.01693133861263311
-0.55,0.016929585686716292
-0.5375,0.016887629346058225
-0.525,0.016813834793614035
-0.5125,0.016715125727183363
-0.5,0.016616165782584222
-0.4875,0.016532153275142576
-0.475,0.016480886516192526
-0.4625,0.016462484936392238
-0.45,0.01647623056435069
-0.4375,0.01651538142872384
-0.425,0.016574362248834535
-0.4125,0.016637107088278057
-0.4,0.01669325591030688
-0.3875,0.016738014111284078
-0.375,0.01677185022672201
-0.3625,0.01679978954434134
-0.35,0.016828791916709534
-0.3375,0.01687472199411992
-0.325,0.016961383029117417
-0.3125,0.01710352033391005
-0.3,0.017304087066374426
-0.2875,0.01756558912584013
-0.275,0.017889664340106977
-0.2625,0.018278601832821387
-0.25,0.01873894177336058
-0.2375,0.019269725314794085
-0.225,0.019848935445718703
-0.2125,0.02044340109524163
-0.2,0.021033377963952448
-0.1875,0.021599644112307047
-0.175,0.022106575311739242
-0.1625,0.022544917279824044
-0.15,0.02295252640743483
-0.1375,0.023365723191379122
-0.125,0.02379046613126307
-0.1125,0.02426159218235186
-0.1,0.024851428897758675
-0.0875,0.025619618524477448
-0.075,0.02665736803402921
-0.0625,0.028113837462588696
-0.05,0.030178941609728564
-0.0375,0.03301079103792185
-0.025,0.036477408318977056
-0.0125,0.0394431818949245
0.0,0.03945593138820742
0.0125,0.03560224016428095
0.025,0.030211112742058316
0.0375,0.025434017084412487
0.05,0.02173598025448764
0.0625,0.01889443964979571
0.075,0.0166364500642038
0.0875,0.01475381448907364
0.1,0.013163112645637211
0.1125,0.011899597791167539
0.125,0.010805262045091323
0.1375,0.009668760610669121
0.15,0.008571144265186174
0.1625,0.007687269996514994
0.175,0.007074195610115818
0.1875,0.00672691647764045
0.2,0.006626605194571372
0.2125,0.006703794393447679
0.225,0.006751692232128863
0.2375,0.006508337998616447
0.25,0.005991216212148953
0.2625,0.005437389322642372
0.275,0.00498134976926216
0.2875,0.004641198174220119
0.3,0.004404067474882501
0.3125,0.004257208129785282
0.325,0.004194802160824773
0.3375,0.004220428279844229
0.35,0.0043484610336571115
0.3625,0.004601784247116074
0.375,0.004991259278903657
0.3875,0.005446480130540122
0.4,0.005735503626377335
0.4125,0.005641760200928113
0.425,0.005289335702926509
0.4375,0.004941716568856914
0.45,0.004720603532952787
0.4625,0.004652665188007228
0.475,0.0047500031611378635
0.4875,0.005024671191190816
0.5,0.00545175417365737
0.5125,0.005875434464280934
0.525,0.006015840426464151
0.5375,0.005807998435697577
0.55,0.005510485328132908
0.5625,0.005344371350026644
0.575,0.0053860143097583125
0.5875,0.005645997229148916
0.6,0.006052713147018915
0.6125,0.006372304294655002
0.625,0.00635527305248897
0.6375,0.0060989132334062605
0.65,0.005895674024738113
0.6625,0.005906484493133423
0.675,0.006158779398849081
0.6875,0.006559378644939549
0.7,0.006846070749495606
0.7125,0.00680624045142155
0.725,0.006607120769566949
0.7375,0.006542140303256698
0.75,0.006725492960400566
0.7625,0.007069790907291572
0.775,0.00729618815936608
0.7875,0.00721543375192324
0.8,0.007025007534628966
0.8125,0.0070054722266722595
0.825,0.007226234790559019
0.8375,0.007504811759920849
0.85,0.007538892878638509
0.8625,0.007303882921191944
0.875,0.0070907008176333535
0.8875,0.007122928903793357
0.9,0.007417625098391451
0.9125,0.007798497272770464
0.925,0.007953946204962389
0.9375,0.007808809555285802
0.95,0.007662646607516004
0.9625,0.007766739869876095
0.975,0.008125469144029585
0.9875,0.008517073012391855
1.0,0.008636686063439234
1.0125,0.008516914903841195
1.025,0.008504932737284315
1.0375,0.008794378511556811
1.05,0.009271492550178822
1.0625,0.009624917302305356
1.075,0.009704030737155037
1.0875,0.009774715357769866
1.1,0.010137583475921693
1.1125,0.010733523092514246
1.125,0.011223369209253199
1.1375,0.011519276403272403
1.15,0.011900186459222075
1.1625,0.012401803403872943
1.175,0.012786628519583045
1.1875,0.013100145770715178
1.2,0.013486277684047381
1.2125,0.013812762720887625
1.225,0.014088931597343259
1.2375,0.014451027785764266
1.25,0.014790770639411196
1.2625,0.015083921598210003
1.275,0.015383374551661829
1.2875,0.015590617214906823
1.3,0.0157886236080106
1.3125,0.016051897250451367
1.325,0.01623761369106928
1.3375,0.016431220056558435
1.35,0.016768098891571104
1.3625,0.017077755703756463
1.375,0.017353386180844747
1.3875,0.017796048540366937
1.4,0.01828830668534449
1.4125,0.018704552672600253
1.425,0.019269196444725013
1.4375,0.01999271438546645
1.45,0.020626843769595588
1.4625,0.021303219205559165
1.475,0.02221513073206714
1.4875,0.023088604187378053
1.5,0.023797139459679397
1.5125,0.02458198166385263
1.525,0.02528771218637105
1.5375,0.025628339285332633
1.55,0.025891348370964944
1.5625,0.026240171853706085
1.575,0.02631872081146831
1.5875,0.026176092940300984
1.6,0.026227668250249175
1.6125,0.026323948457778967
1.625,0.026159700682945267
1.6375,0.0260372612444579
1.65,0.026193506542012846
1.6625,0.026268328029391608
1.675,0.026149500237813855
1.6875,0.02625568869457542
1.7,0.026626163954311208
1.7125,0.026851532244971207
1.725,0.026993209865084876
1.7375,0.02746291834418685
1.75,0.028127907053780057
1.7625,0.028603924253295537
1.775,0.029111667129650246
1.7875,0.030042022272202776
1.8,0.031111827537456765
1.8125,0.0319501952834891
1.825,0.032937044234021266
1.8375,0.03451081083556488
1.85,0.03628111077944502
1.8625,0.037828407285258964
1.875,0.03960337420224754
1.8875,0.04201323368016056
1.9,0.04442703158620398
1.9125,0.04633718595178214
1.925,0.0483692903918989
1.9375,0.050927875616867076
1.95,0.053164458174827865
1.9625,0.054701117623874196
1.975,0.05652084492095065
1.9875,0.05904966747986526
2.0,0.06117282124012849
2.0125,0.06246977427204005
2.025,0.0640733771771294
2.0375,0.06639300015143483
2.05,0.06817031686449408
2.0625,0.06906551931279793
2.075,0.07041915218911488
2.0875,0.07269279392531712
2.1,0.07442514446265577
2.1125,0.07511181858846538
2.125,0.07622343436052292
2.1375,0.07851175486508981
2.15,0.08057982265029588
2.1625,0.08173435056737567
2.175,0.0834342569843016
2.1875,0.08668843744341702
2.2,0.08993134685498065
2.2125,0.0917607262251924
2.225,0.09347144112890718
2.2375,0.09655922366012204
2.25,0.09970748650655023
2.2625,0.10110413069592908
2.275,0.10192727168416466
2.2875,0.10421241603496975
2.3,0.1072013526758027
2.3125,0.10869388774234068
2.325,0.10939879253795992
2.3375,0.1118298564878762
2.35,0.11617027675975482
2.3625,0.11969999357118451
2.375,0.12177035216290001
2.3875,0.12490879227626171
2.4,0.13054013520400207
2.4125,0.13610335696709408
2.425,0.13943903324395465
2.4375,0.14278564510311845
2.45,0.1490194702432899
2.4625,0.15661198648211025
2.475,0.16164449505688933
2.4875,0.1649181318017986
2.5,0.17037726789882984
2.5125,0.1784785530165131
2.525,0.18465735037870096
2.5375,0.18756709977528427
2.55,0.19154389305850228
2.5625,0.19938647868364995
2.575,0.20709358555927831
2.5875,0.21000547138225695
2.6,0.21125217329883578
2.6125,0.21612940750526216
2.625,0.22388269345402328
2.6375,0.22835964547303209
2.65,0.22916767485309864
2.6625,0.23221193757438746
2.675,0.24057738332423784
2.6875,0.24958176949724126
2.7,0.2543564757101198
2.7125,0.2589006756988678
2.725,0.26972356102232264
2.7375,0.2869040354284466
2.75,0.3028058787496548
2.7625,0.3150214527496779
2.775,0.33100054767464704
2.7875,0.3569843497422199
2.8,0.3881153207635498
2.8125,0.4134005380334313
2.825,0.43537807976701054
2.8375,0.46577008835228734
2.85,0.5066134159578043
2.8625,0.5427391165958946
2.875,0.5650060952738903
2.8875,0.5882375689611131
2.9,0.6242859838408584
2.9125,0.6612394578276792
2.925,0.6764761723504108
2.9375,0.6778240407056417
2.95,0.6884559307077176
2.9625,0.7070644390533832
2.975,0.7097238599354084
2.9875,0.6898067563962443
3.0,0.6726932601702206
3.0125,0.6698480288823847
3.025,0.6649903225056968
3.0375,0.6403464549882218
3.05,0.608986545317049
3.0625,0.5928618119637994
3.075,0.588756891908358
3.0875,0.5775090031979389
3.1,0.5521689269081289
3.1125,0.5310512634974199
3.125,0.5263706093724257
3.1375,0.5274702530838814
3.15,0.5168801517845532
3.1625,0.4953450076910963
3.175,0.480980497832127
3.1875,0.47710248487016427
3.2,0.4682578008826888
3.2125,0.4424336041761298
3.225,0.40981291067582526
3.2375,0.38617018789612995
3.25,0.36856321153993804
3.2625,0.34492298032704005
3.275,0.31326556310280596
3.2875,0.284495351924451
3.3,0.2664092089944124
3.3125,0.25409712592219297
3.325,0.23901323223025323
3.3375,0.22029393184043697
3.35,0.20456731970220596
3.3625,0.19623830572415943
3.375,0.19135738756617537
3.3875,0.18338605438917754
3.4,0.17163770440448753
3.4125,0.16131105831238163
3.425,0.15601981255241285
3.4375,0.15262134665621307
3.45,0.14595798914203428
3.4625,0.135845230021027
3.475,0.12669396775816583
3.4875,0.12151287574634118
3.5,0.11796384433755819
3.5125,0.11207801171804731
3.525,0.10372292057840356
3.5375,0.09609019122516596
3.55,0.09147034496310888
3.5625,0.08835213183088177
3.575,0.08374311874190726
3.5875,0.07733748983364687
3.6,0.07131108056795812
3.6125,0.06754811728901287
3.625,0.06549181069242903
3.6375,0.0629129201965974
3.65,0.05895784388705858
3.6625,0.054843857030276305
3.675,0.052109722309826675
3.6875,0.05089860230724736
3.7,0.04968502032939606
3.7125,0.04728241729568149
3.725,0.04427953132507727
3.7375,0.04199379372261006
3.75,0.0410685484015112
3.7625,0.04072347143038932
3.775,0.03965812237137166
3.7875,0.03780788477060796
3.8,0.03615496959967286
3.8125,0.035552832564831896
3.825,0.03579323637111182
3.8375,0.03564246188371117
3.85,0.03444839645155878
3.8625,0.03289855120488753
3.875,0.03199024221613702
3.8875,0.031933901461420694
3.9,0.03175927603914557
3.9125,0.030566585009311562
3.925,0.028735652607868215
3.9375,0.027214902092691215
3.95,0.02649805478185104
3.9625,0.02607558847964222
3.975,0.02507626458886993
3.9875,0.023501925643663202
4.0,0.022006130427166832
4.0125,0.021119582712693676
4.025,0.020773404314755006
4.0375,0.02030664536593013
4.05,0.019331765784483017
4.0625,0.018178911000751957
4.075,0.01733150535263
4.0875,0.017004640167678994
4.1,0.016902647549259596
4.1125,0.016491601323033053
4.125,0.015728196989661308
4.1375,0.014994731640844782
4.15,0.014619429892480993
4.1625,0.014614131855096435
4.175,0.01456426164189782
4.1875,0.01410436994358558
4.2,0.01340545190596497
4.2125,0.01283524278687779
4.225,0.012603034809551838
4.2375,0.0125613280019328
4.25,0.012312855488971276
4.2625,0.011761553443674157
4.275,0.011176455271482325
4.2875,0.010817616271157108
4.3,0.010767687612648878
4.3125,0.010812892869146168
4.325,0.010628627786257857
4.3375,0.010223668913108996
4.35,0.009852500903454811
4.3625,0.009718735365437636
4.375,0.0098399157407119
4.3875,0.00995737447988029
4.4,0.009803979078267109
4.4125,0.009475688712339836
4.425,0.009228246442852485
4.4375,0.009220205453660854
4.45,0.009372482632336355
4.4625,0.009373617780287417
4.475,0.009092707582155959
4.4875,0.008736906701262065
4.5,0.008531575649394316
4.5125,0.008552690172837302
4.525,0.008616084183882338
4.5375,0.008440579252043716
4.55,0.008049193937878531
4.5625,0.007668003574336135
4.575,0.007461285699922984
4.5875,0.007430178778001627
4.6,0.007367957062723602
4.6125,0.007114072348849739
4.625,0.006776437027653656
4.6375,0.006518669441407688
4.65,0.006426976240924435
4.6625,0.006454407628244271
4.675,0.006409781910383274
4.6875,0.006204136460444347
4.7,0.005961134899522747
4.7125,0.005804942725271475
4.725,0.005780378895688373
4.7375,0.005802814131815257
4.75,0.005706337918156713
4.7625,0.005487806829288251
4.775,0.005279867193236434
4.7875,0.005165292326429149
4.8,0.005152879234332026
4.8125,0.005140037741754659
4.825,0.005012477639686521
4.8375,0.004824582398979209
4.85,0.004685955679870521
4.8625,0.004646063241989003
4.875,0.004699128554260239
4.8875,0.004740184738691592
4.9,0.0046622031693560675
4.9125,0.004517969504945331
4.925,0.004409420769313454
4.9375,0.004386341505951446
4.95,0.004429793775252181
4.9625,0.004427818182290364
4.975,0.004321489058881336
4.9875,0.004192633668884093
5.0,0.004116161428741676
